Entity;Code;Year; Cantril ladder score 
Afghanistan;AFG;2022; 1,86  
Afghanistan;AFG;2021; 2,40  
Afghanistan;AFG;2020; 2,52  
Afghanistan;AFG;2019; 2,57  
Afghanistan;AFG;2018; 3,20  
Afghanistan;AFG;2017; 3,63  
Afghanistan;AFG;2016; 3,79  
Afghanistan;AFG;2015; 3,36  
Afghanistan;AFG;2014; 3,58  
Afghanistan;AFG;2011; 4,26  
Albania;ALB;2022; 5,28  
Albania;ALB;2021; 5,20  
Albania;ALB;2020; 5,12  
Albania;ALB;2019; 4,88  
Albania;ALB;2018; 4,72  
Albania;ALB;2017; 4,59  
Albania;ALB;2016; 4,64  
Albania;ALB;2015; 4,66  
Albania;ALB;2014; 4,96  
Albania;ALB;2011; 5,13  
Algeria;DZA;2022; 5,33  
Algeria;DZA;2021; 5,12  
Algeria;DZA;2020; 4,89  
Algeria;DZA;2019; 5,01  
Algeria;DZA;2018; 5,21  
Algeria;DZA;2017; 5,29  
Algeria;DZA;2016; 5,87  
Algeria;DZA;2015; 6,36  
Algeria;DZA;2014; 5,61  
Algeria;DZA;2011; 5,37  
Angola;AGO;2017; 3,79  
Angola;AGO;2016; 3,80  
Angola;AGO;2015; 3,87  
Angola;AGO;2014; 4,03  
Angola;AGO;2011; 4,18  
Argentina;ARG;2022; 6,02  
Argentina;ARG;2021; 5,97  
Argentina;ARG;2020; 5,93  
Argentina;ARG;2019; 5,97  
Argentina;ARG;2018; 6,09  
Argentina;ARG;2017; 6,39  
Argentina;ARG;2016; 6,60  
Argentina;ARG;2015; 6,65  
Argentina;ARG;2014; 6,57  
Argentina;ARG;2011; 6,24  
Armenia;ARM;2022; 5,34  
Armenia;ARM;2021; 5,40  
Armenia;ARM;2020; 5,28  
Armenia;ARM;2019; 4,68  
Armenia;ARM;2018; 4,56  
Armenia;ARM;2017; 4,32  
Armenia;ARM;2016; 4,38  
Armenia;ARM;2015; 4,36  
Armenia;ARM;2014; 4,35  
Armenia;ARM;2011; 4,47  
Australia;AUS;2022; 7,09  
Australia;AUS;2021; 7,16  
Australia;AUS;2020; 7,18  
Australia;AUS;2019; 7,22  
Australia;AUS;2018; 7,23  
Australia;AUS;2017; 7,27  
Australia;AUS;2016; 7,28  
Australia;AUS;2015; 7,31  
Australia;AUS;2014; 7,28  
Australia;AUS;2011; 7,34  
Austria;AUT;2022; 7,10  
Austria;AUT;2021; 7,16  
Austria;AUT;2020; 7,27  
Austria;AUT;2019; 7,29  
Austria;AUT;2018; 7,25  
Austria;AUT;2017; 7,14  
Austria;AUT;2016; 7,01  
Austria;AUT;2015; 7,12  
Austria;AUT;2014; 7,20  
Austria;AUT;2011; 7,23  
Azerbaijan;AZE;2021; 5,17  
Azerbaijan;AZE;2020; 5,17  
Azerbaijan;AZE;2019; 5,16  
Azerbaijan;AZE;2018; 5,21  
Azerbaijan;AZE;2017; 5,20  
Azerbaijan;AZE;2016; 5,23  
Azerbaijan;AZE;2015; 5,29  
Azerbaijan;AZE;2014; 5,21  
Azerbaijan;AZE;2011; 4,58  
Bahrain;BHR;2022; 6,17  
Bahrain;BHR;2021; 6,65  
Bahrain;BHR;2020; 6,65  
Bahrain;BHR;2019; 6,23  
Bahrain;BHR;2018; 6,20  
Bahrain;BHR;2017; 6,11  
Bahrain;BHR;2016; 6,09  
Bahrain;BHR;2015; 6,22  
Bahrain;BHR;2014; 5,96  
Bahrain;BHR;2011; 5,57  
Bangladesh;BGD;2022; 4,28  
Bangladesh;BGD;2021; 5,16  
Bangladesh;BGD;2020; 5,02  
Bangladesh;BGD;2019; 4,83  
Bangladesh;BGD;2018; 4,46  
Bangladesh;BGD;2017; 4,50  
Bangladesh;BGD;2016; 4,61  
Bangladesh;BGD;2015; 4,64  
Bangladesh;BGD;2014; 4,69  
Bangladesh;BGD;2011; 4,81  
Belarus;BLR;2021; 5,82  
Belarus;BLR;2020; 5,53  
Belarus;BLR;2019; 5,54  
Belarus;BLR;2018; 5,32  
Belarus;BLR;2017; 5,48  
Belarus;BLR;2016; 5,57  
Belarus;BLR;2015; 5,80  
Belarus;BLR;2014; 5,81  
Belarus;BLR;2011; 5,57  
Belgium;BEL;2022; 6,86  
Belgium;BEL;2021; 6,81  
Belgium;BEL;2020; 6,83  
Belgium;BEL;2019; 6,86  
Belgium;BEL;2018; 6,92  
Belgium;BEL;2017; 6,93  
Belgium;BEL;2016; 6,89  
Belgium;BEL;2015; 6,93  
Belgium;BEL;2014; 6,94  
Belgium;BEL;2011; 7,11  
Belize;BLZ;2017; 5,96  
Belize;BLZ;2016; 5,96  
Belize;BLZ;2015; 5,96  
Belize;BLZ;2011; 6,45  
Benin;BEN;2022; 4,37  
Benin;BEN;2021; 4,62  
Benin;BEN;2020; 5,05  
Benin;BEN;2019; 5,22  
Benin;BEN;2018; 4,88  
Benin;BEN;2017; 4,14  
Benin;BEN;2016; 3,66  
Benin;BEN;2015; 3,48  
Benin;BEN;2014; 3,34  
Benin;BEN;2011; 3,49  
Bhutan;BTN;2018; 5,08  
Bhutan;BTN;2017; 5,08  
Bhutan;BTN;2016; 5,01  
Bhutan;BTN;2015; 5,20  
Bhutan;BTN;2014; 5,25  
Bolivia;BOL;2022; 5,68  
Bolivia;BOL;2021; 5,60  
Bolivia;BOL;2020; 5,72  
Bolivia;BOL;2019; 5,75  
Bolivia;BOL;2018; 5,78  
Bolivia;BOL;2017; 5,75  
Bolivia;BOL;2016; 5,82  
Bolivia;BOL;2015; 5,82  
Bolivia;BOL;2014; 5,89  
Bolivia;BOL;2011; 5,63  
Bosnia and Herzegovina;BIH;2022; 5,63  
Bosnia and Herzegovina;BIH;2021; 5,77  
Bosnia and Herzegovina;BIH;2020; 5,81  
Bosnia and Herzegovina;BIH;2019; 5,67  
Bosnia and Herzegovina;BIH;2018; 5,39  
Bosnia and Herzegovina;BIH;2017; 5,13  
Bosnia and Herzegovina;BIH;2016; 5,18  
Bosnia and Herzegovina;BIH;2015; 5,16  
Bosnia and Herzegovina;BIH;2014; 4,95  
Bosnia and Herzegovina;BIH;2011; 4,86  
Botswana;BWA;2022; 3,44  
Botswana;BWA;2021; 3,47  
Botswana;BWA;2020; 3,47  
Botswana;BWA;2019; 3,48  
Botswana;BWA;2018; 3,49  
Botswana;BWA;2017; 3,59  
Botswana;BWA;2016; 3,77  
Botswana;BWA;2015; 3,97  
Botswana;BWA;2014; 4,33  
Botswana;BWA;2011; 4,58  
Brazil;BRA;2022; 6,12  
Brazil;BRA;2021; 6,29  
Brazil;BRA;2020; 6,33  
Brazil;BRA;2019; 6,38  
Brazil;BRA;2018; 6,30  
Brazil;BRA;2017; 6,42  
Brazil;BRA;2016; 6,64  
Brazil;BRA;2015; 6,95  
Brazil;BRA;2014; 6,98  
Brazil;BRA;2011; 6,70  
Bulgaria;BGR;2022; 5,47  
Bulgaria;BGR;2021; 5,37  
Bulgaria;BGR;2020; 5,27  
Bulgaria;BGR;2019; 5,10  
Bulgaria;BGR;2018; 5,01  
Bulgaria;BGR;2017; 4,93  
Bulgaria;BGR;2016; 4,71  
Bulgaria;BGR;2015; 4,22  
Bulgaria;BGR;2014; 4,22  
Bulgaria;BGR;2011; 3,89  
Burkina Faso;BFA;2022; 4,64  
Burkina Faso;BFA;2021; 4,67  
Burkina Faso;BFA;2020; 4,83  
Burkina Faso;BFA;2019; 4,77  
Burkina Faso;BFA;2018; 4,59  
Burkina Faso;BFA;2017; 4,42  
Burkina Faso;BFA;2016; 4,03  
Burkina Faso;BFA;2015; 3,74  
Burkina Faso;BFA;2014; 3,59  
Burkina Faso;BFA;2011; 3,93  
Burundi;BDI;2020; 3,78  
Burundi;BDI;2019; 3,78  
Burundi;BDI;2018; 3,78  
Burundi;BDI;2017; 2,90  
Burundi;BDI;2016; 2,91  
Burundi;BDI;2015; 2,91  
Burundi;BDI;2014; 2,91  
Burundi;BDI;2011; 3,68  
Cambodia;KHM;2022; 4,39  
Cambodia;KHM;2021; 4,64  
Cambodia;KHM;2020; 4,83  
Cambodia;KHM;2019; 4,85  
Cambodia;KHM;2018; 4,70  
Cambodia;KHM;2017; 4,43  
Cambodia;KHM;2016; 4,17  
Cambodia;KHM;2015; 3,91  
Cambodia;KHM;2014; 3,82  
Cambodia;KHM;2011; 4,10  
Cameroon;CMR;2022; 4,97  
Cameroon;CMR;2021; 5,05  
Cameroon;CMR;2020; 5,14  
Cameroon;CMR;2019; 5,08  
Cameroon;CMR;2018; 5,04  
Cameroon;CMR;2017; 4,98  
Cameroon;CMR;2016; 4,70  
Cameroon;CMR;2015; 4,51  
Cameroon;CMR;2014; 4,25  
Cameroon;CMR;2011; 4,38  
Canada;CAN;2022; 6,96  
Canada;CAN;2021; 7,03  
Canada;CAN;2020; 7,10  
Canada;CAN;2019; 7,23  
Canada;CAN;2018; 7,28  
Canada;CAN;2017; 7,33  
Canada;CAN;2016; 7,32  
Canada;CAN;2015; 7,40  
Canada;CAN;2014; 7,43  
Canada;CAN;2011; 7,50  
Central African Republic;CAF;2019; 3,48  
Central African Republic;CAF;2018; 3,08  
Central African Republic;CAF;2017; 3,08  
Central African Republic;CAF;2016; 2,69  
Central African Republic;CAF;2014; 3,68  
Central African Republic;CAF;2011; 3,57  
Chad;TCD;2022; 4,40  
Chad;TCD;2021; 4,25  
Chad;TCD;2020; 4,36  
Chad;TCD;2019; 4,42  
Chad;TCD;2018; 4,35  
Chad;TCD;2017; 4,30  
Chad;TCD;2016; 3,94  
Chad;TCD;2015; 3,76  
Chad;TCD;2014; 3,67  
Chad;TCD;2011; 3,92  
Chile;CHL;2022; 6,33  
Chile;CHL;2021; 6,17  
Chile;CHL;2020; 6,17  
Chile;CHL;2019; 6,23  
Chile;CHL;2018; 6,44  
Chile;CHL;2017; 6,48  
Chile;CHL;2016; 6,65  
Chile;CHL;2015; 6,71  
Chile;CHL;2014; 6,67  
Chile;CHL;2011; 6,13  
China;CHN;2022; 5,82  
China;CHN;2021; 5,59  
China;CHN;2020; 5,34  
China;CHN;2019; 5,12  
China;CHN;2018; 5,19  
China;CHN;2017; 5,25  
China;CHN;2016; 5,27  
China;CHN;2015; 5,25  
China;CHN;2014; 5,14  
China;CHN;2011; 4,68  
Colombia;COL;2022; 5,63  
Colombia;COL;2021; 5,78  
Colombia;COL;2020; 6,01  
Colombia;COL;2019; 6,16  
Colombia;COL;2018; 6,12  
Colombia;COL;2017; 6,26  
Colombia;COL;2016; 6,36  
Colombia;COL;2015; 6,48  
Colombia;COL;2014; 6,48  
Colombia;COL;2011; 6,20  
Comoros;COM;2022; 3,55  
Comoros;COM;2021; 4,61  
Comoros;COM;2020; 4,29  
Comoros;COM;2019; 4,29  
Comoros;COM;2018; 3,97  
Comoros;COM;2015; 3,96  
Comoros;COM;2014; 3,96  
Comoros;COM;2011; 3,70  
Congo;COG;2022; 5,27  
Congo;COG;2021; 5,08  
Congo;COG;2020; 5,34  
Congo;COG;2019; 5,19  
Congo;COG;2018; 4,81  
Congo;COG;2017; 4,56  
Congo;COG;2016; 4,29  
Congo;COG;2015; 4,24  
Congo;COG;2014; 3,99  
Congo;COG;2011; 3,82  
Costa Rica;CRI;2022; 6,61  
Costa Rica;CRI;2021; 6,58  
Costa Rica;CRI;2020; 7,07  
Costa Rica;CRI;2019; 7,12  
Costa Rica;CRI;2018; 7,17  
Costa Rica;CRI;2017; 7,07  
Costa Rica;CRI;2016; 7,08  
Costa Rica;CRI;2015; 7,09  
Costa Rica;CRI;2014; 7,23  
Costa Rica;CRI;2011; 7,25  
Cote d'Ivoire;CIV;2022; 5,05  
Cote d'Ivoire;CIV;2021; 5,23  
Cote d'Ivoire;CIV;2020; 5,31  
Cote d'Ivoire;CIV;2019; 5,23  
Cote d'Ivoire;CIV;2018; 4,94  
Cote d'Ivoire;CIV;2017; 4,67  
Cote d'Ivoire;CIV;2016; 4,18  
Cote d'Ivoire;CIV;2015; 3,92  
Cote d'Ivoire;CIV;2014; 3,66  
Cote d'Ivoire;CIV;2011; 4,20  
Croatia;HRV;2022; 6,13  
Croatia;HRV;2021; 6,13  
Croatia;HRV;2020; 5,88  
Croatia;HRV;2019; 5,50  
Croatia;HRV;2018; 5,43  
Croatia;HRV;2017; 5,32  
Croatia;HRV;2016; 5,29  
Croatia;HRV;2015; 5,49  
Croatia;HRV;2014; 5,76  
Croatia;HRV;2011; 5,62  
Cuba;CUB;2011; 5,42  
Cyprus;CYP;2022; 6,13  
Cyprus;CYP;2021; 6,22  
Cyprus;CYP;2020; 6,22  
Cyprus;CYP;2019; 6,16  
Cyprus;CYP;2018; 6,05  
Cyprus;CYP;2017; 5,76  
Cyprus;CYP;2016; 5,62  
Cyprus;CYP;2015; 5,55  
Cyprus;CYP;2014; 5,69  
Cyprus;CYP;2011; 6,42  
Czechia;CZE;2022; 6,85  
Czechia;CZE;2021; 6,92  
Czechia;CZE;2020; 6,96  
Czechia;CZE;2019; 6,91  
Czechia;CZE;2018; 6,85  
Czechia;CZE;2017; 6,71  
Czechia;CZE;2016; 6,61  
Czechia;CZE;2015; 6,60  
Czechia;CZE;2014; 6,51  
Czechia;CZE;2011; 6,36  
Democratic Republic of Congo;COD;2022; 3,21  
Democratic Republic of Congo;COD;2019; 4,31  
Democratic Republic of Congo;COD;2018; 4,42  
Democratic Republic of Congo;COD;2017; 4,24  
Democratic Republic of Congo;COD;2016; 4,28  
Democratic Republic of Congo;COD;2015; 4,27  
Democratic Republic of Congo;COD;2014; 4,52  
Democratic Republic of Congo;COD;2011; 3,98  
Denmark;DNK;2022; 7,59  
Denmark;DNK;2021; 7,64  
Denmark;DNK;2020; 7,62  
Denmark;DNK;2019; 7,65  
Denmark;DNK;2018; 7,60  
Denmark;DNK;2017; 7,56  
Denmark;DNK;2016; 7,52  
Denmark;DNK;2015; 7,53  
Denmark;DNK;2014; 7,53  
Denmark;DNK;2011; 7,86  
Djibouti;DJI;2014; 4,37  
Djibouti;DJI;2011; 4,96  
Dominican Republic;DOM;2022; 5,57  
Dominican Republic;DOM;2021; 5,74  
Dominican Republic;DOM;2020; 5,55  
Dominican Republic;DOM;2019; 5,69  
Dominican Republic;DOM;2018; 5,43  
Dominican Republic;DOM;2017; 5,30  
Dominican Republic;DOM;2016; 5,23  
Dominican Republic;DOM;2015; 5,16  
Dominican Republic;DOM;2014; 4,89  
Dominican Republic;DOM;2011; 5,04  
Ecuador;ECU;2022; 5,56  
Ecuador;ECU;2021; 5,53  
Ecuador;ECU;2020; 5,76  
Ecuador;ECU;2019; 5,93  
Ecuador;ECU;2018; 6,03  
Ecuador;ECU;2017; 5,97  
Ecuador;ECU;2016; 6,01  
Ecuador;ECU;2015; 5,98  
Ecuador;ECU;2014; 5,98  
Ecuador;ECU;2011; 5,42  
Egypt;EGY;2022; 4,17  
Egypt;EGY;2021; 4,29  
Egypt;EGY;2020; 4,28  
Egypt;EGY;2019; 4,15  
Egypt;EGY;2018; 4,17  
Egypt;EGY;2017; 4,42  
Egypt;EGY;2016; 4,74  
Egypt;EGY;2015; 4,36  
Egypt;EGY;2014; 4,19  
Egypt;EGY;2011; 4,85  
El Salvador;SLV;2022; 6,12  
El Salvador;SLV;2021; 6,12  
El Salvador;SLV;2020; 6,06  
El Salvador;SLV;2019; 6,35  
El Salvador;SLV;2018; 6,25  
El Salvador;SLV;2017; 6,17  
El Salvador;SLV;2016; 6,00  
El Salvador;SLV;2015; 6,07  
El Salvador;SLV;2014; 6,13  
El Salvador;SLV;2011; 5,96  
Estonia;EST;2022; 6,46  
Estonia;EST;2021; 6,34  
Estonia;EST;2020; 6,19  
Estonia;EST;2019; 6,02  
Estonia;EST;2018; 5,89  
Estonia;EST;2017; 5,74  
Estonia;EST;2016; 5,61  
Estonia;EST;2015; 5,52  
Estonia;EST;2014; 5,43  
Estonia;EST;2011; 5,33  
Eswatini;SWZ;2021; 4,40  
Eswatini;SWZ;2020; 4,31  
Eswatini;SWZ;2019; 4,31  
Eswatini;SWZ;2018; 4,21  
Eswatini;SWZ;2014; 4,87  
Ethiopia;ETH;2022; 4,09  
Ethiopia;ETH;2021; 4,24  
Ethiopia;ETH;2020; 4,27  
Ethiopia;ETH;2019; 4,19  
Ethiopia;ETH;2018; 4,29  
Ethiopia;ETH;2017; 4,35  
Ethiopia;ETH;2016; 4,46  
Ethiopia;ETH;2015; 4,51  
Ethiopia;ETH;2014; 4,51  
Ethiopia;ETH;2011; 4,06  
Finland;FIN;2022; 7,80  
Finland;FIN;2021; 7,82  
Finland;FIN;2020; 7,84  
Finland;FIN;2019; 7,81  
Finland;FIN;2018; 7,77  
Finland;FIN;2017; 7,63  
Finland;FIN;2016; 7,47  
Finland;FIN;2015; 7,41  
Finland;FIN;2014; 7,41  
Finland;FIN;2011; 7,58  
France;FRA;2022; 6,66  
France;FRA;2021; 6,69  
France;FRA;2020; 6,69  
France;FRA;2019; 6,66  
France;FRA;2018; 6,59  
France;FRA;2017; 6,49  
France;FRA;2016; 6,44  
France;FRA;2015; 6,48  
France;FRA;2014; 6,58  
France;FRA;2011; 6,75  
Gabon;GAB;2022; 5,03  
Gabon;GAB;2021; 4,96  
Gabon;GAB;2020; 4,85  
Gabon;GAB;2019; 4,83  
Gabon;GAB;2018; 4,80  
Gabon;GAB;2017; 4,76  
Gabon;GAB;2016; 4,47  
Gabon;GAB;2015; 4,12  
Gabon;GAB;2014; 3,90  
Gambia;GMB;2022; 4,28  
Gambia;GMB;2021; 5,16  
Gambia;GMB;2020; 5,05  
Gambia;GMB;2019; 4,75  
Gambia;GMB;2018; 4,52  
Georgia;GEO;2022; 5,11  
Georgia;GEO;2021; 4,97  
Georgia;GEO;2020; 4,89  
Georgia;GEO;2019; 4,67  
Georgia;GEO;2018; 4,52  
Georgia;GEO;2017; 4,34  
Georgia;GEO;2016; 4,29  
Georgia;GEO;2015; 4,25  
Georgia;GEO;2014; 4,30  
Georgia;GEO;2011; 3,89  
Germany;DEU;2022; 6,89  
Germany;DEU;2021; 7,03  
Germany;DEU;2020; 7,15  
Germany;DEU;2019; 7,08  
Germany;DEU;2018; 6,99  
Germany;DEU;2017; 6,96  
Germany;DEU;2016; 6,95  
Germany;DEU;2015; 6,99  
Germany;DEU;2014; 6,75  
Germany;DEU;2011; 6,57  
Ghana;GHA;2022; 4,61  
Ghana;GHA;2021; 4,87  
Ghana;GHA;2020; 5,09  
Ghana;GHA;2019; 5,15  
Ghana;GHA;2018; 5,00  
Ghana;GHA;2017; 4,66  
Ghana;GHA;2016; 4,12  
Ghana;GHA;2015; 4,28  
Ghana;GHA;2014; 4,63  
Ghana;GHA;2011; 4,70  
Greece;GRC;2022; 5,93  
Greece;GRC;2021; 5,95  
Greece;GRC;2020; 5,72  
Greece;GRC;2019; 5,52  
Greece;GRC;2018; 5,29  
Greece;GRC;2017; 5,36  
Greece;GRC;2016; 5,23  
Greece;GRC;2015; 5,03  
Greece;GRC;2014; 4,86  
Greece;GRC;2011; 6,13  
Guatemala;GTM;2022; 6,15  
Guatemala;GTM;2021; 6,26  
Guatemala;GTM;2020; 6,43  
Guatemala;GTM;2019; 6,40  
Guatemala;GTM;2018; 6,44  
Guatemala;GTM;2017; 6,38  
Guatemala;GTM;2016; 6,45  
Guatemala;GTM;2015; 6,32  
Guatemala;GTM;2014; 6,12  
Guatemala;GTM;2011; 6,28  
Guinea;GIN;2022; 5,07  
Guinea;GIN;2021; 4,89  
Guinea;GIN;2020; 4,98  
Guinea;GIN;2019; 4,95  
Guinea;GIN;2018; 4,53  
Guinea;GIN;2017; 3,96  
Guinea;GIN;2016; 3,51  
Guinea;GIN;2015; 3,61  
Guinea;GIN;2014; 3,66  
Guinea;GIN;2011; 4,17  
Guyana;GUY;2011; 5,99  
Haiti;HTI;2020; 3,61  
Haiti;HTI;2019; 3,72  
Haiti;HTI;2018; 3,60  
Haiti;HTI;2017; 3,58  
Haiti;HTI;2016; 3,60  
Haiti;HTI;2015; 4,03  
Haiti;HTI;2014; 4,52  
Haiti;HTI;2011; 3,79  
Honduras;HND;2022; 6,02  
Honduras;HND;2021; 6,02  
Honduras;HND;2020; 5,92  
Honduras;HND;2019; 5,95  
Honduras;HND;2018; 5,86  
Honduras;HND;2017; 5,50  
Honduras;HND;2016; 5,18  
Honduras;HND;2015; 4,87  
Honduras;HND;2014; 4,79  
Honduras;HND;2011; 5,56  
Hong Kong;HKG;2022; 5,31  
Hong Kong;HKG;2021; 5,42  
Hong Kong;HKG;2020; 5,48  
Hong Kong;HKG;2019; 5,51  
Hong Kong;HKG;2018; 5,43  
Hong Kong;HKG;2017; 5,43  
Hong Kong;HKG;2016; 5,47  
Hong Kong;HKG;2015; 5,46  
Hong Kong;HKG;2014; 5,47  
Hong Kong;HKG;2011; 5,42  
Hungary;HUN;2022; 6,04  
Hungary;HUN;2021; 6,09  
Hungary;HUN;2020; 5,99  
Hungary;HUN;2019; 6,00  
Hungary;HUN;2018; 5,76  
Hungary;HUN;2017; 5,62  
Hungary;HUN;2016; 5,32  
Hungary;HUN;2015; 5,15  
Hungary;HUN;2014; 4,80  
Hungary;HUN;2011; 4,94  
Iceland;ISL;2022; 7,53  
Iceland;ISL;2021; 7,56  
Iceland;ISL;2020; 7,55  
Iceland;ISL;2019; 7,50  
Iceland;ISL;2018; 7,49  
Iceland;ISL;2017; 7,50  
Iceland;ISL;2016; 7,50  
Iceland;ISL;2015; 7,50  
Iceland;ISL;2014; 7,56  
Iceland;ISL;2011; 6,89  
India;IND;2022; 4,04  
India;IND;2021; 3,78  
India;IND;2020; 3,82  
India;IND;2019; 3,57  
India;IND;2018; 4,02  
India;IND;2017; 4,19  
India;IND;2016; 4,32  
India;IND;2015; 4,40  
India;IND;2014; 4,57  
India;IND;2011; 4,97  
Indonesia;IDN;2022; 5,28  
Indonesia;IDN;2021; 5,24  
Indonesia;IDN;2020; 5,34  
Indonesia;IDN;2019; 5,29  
Indonesia;IDN;2018; 5,19  
Indonesia;IDN;2017; 5,09  
Indonesia;IDN;2016; 5,26  
Indonesia;IDN;2015; 5,31  
Indonesia;IDN;2014; 5,40  
Indonesia;IDN;2011; 5,16  
Iran;IRN;2022; 4,88  
Iran;IRN;2021; 4,89  
Iran;IRN;2020; 4,72  
Iran;IRN;2019; 4,67  
Iran;IRN;2018; 4,55  
Iran;IRN;2017; 4,71  
Iran;IRN;2016; 4,69  
Iran;IRN;2015; 4,81  
Iran;IRN;2014; 4,69  
Iran;IRN;2011; 5,15  
Iraq;IRQ;2022; 4,94  
Iraq;IRQ;2021; 4,94  
Iraq;IRQ;2020; 4,85  
Iraq;IRQ;2019; 4,78  
Iraq;IRQ;2018; 4,44  
Iraq;IRQ;2017; 4,46  
Iraq;IRQ;2016; 4,50  
Iraq;IRQ;2015; 4,58  
Iraq;IRQ;2014; 4,68  
Iraq;IRQ;2011; 4,88  
Ireland;IRL;2022; 6,91  
Ireland;IRL;2021; 7,04  
Ireland;IRL;2020; 7,09  
Ireland;IRL;2019; 7,09  
Ireland;IRL;2018; 7,02  
Ireland;IRL;2017; 6,98  
Ireland;IRL;2016; 6,98  
Ireland;IRL;2015; 6,91  
Ireland;IRL;2014; 6,94  
Ireland;IRL;2011; 7,28  
Israel;ISR;2022; 7,47  
Israel;ISR;2021; 7,36  
Israel;ISR;2020; 7,16  
Israel;ISR;2019; 7,13  
Israel;ISR;2018; 7,14  
Israel;ISR;2017; 7,19  
Israel;ISR;2016; 7,21  
Israel;ISR;2015; 7,27  
Israel;ISR;2014; 7,28  
Israel;ISR;2011; 7,20  
Italy;ITA;2022; 6,40  
Italy;ITA;2021; 6,47  
Italy;ITA;2020; 6,48  
Italy;ITA;2019; 6,39  
Italy;ITA;2018; 6,22  
Italy;ITA;2017; 6,00  
Italy;ITA;2016; 5,96  
Italy;ITA;2015; 5,98  
Italy;ITA;2014; 5,95  
Italy;ITA;2011; 6,58  
Jamaica;JAM;2022; 5,70  
Jamaica;JAM;2021; 5,85  
Jamaica;JAM;2020; 6,31  
Jamaica;JAM;2019; 5,89  
Jamaica;JAM;2018; 5,89  
Jamaica;JAM;2017; 5,89  
Jamaica;JAM;2016; 5,31  
Jamaica;JAM;2015; 5,51  
Jamaica;JAM;2014; 5,71  
Jamaica;JAM;2011; 6,21  
Japan;JPN;2022; 6,13  
Japan;JPN;2021; 6,04  
Japan;JPN;2020; 5,94  
Japan;JPN;2019; 5,87  
Japan;JPN;2018; 5,89  
Japan;JPN;2017; 5,92  
Japan;JPN;2016; 5,92  
Japan;JPN;2015; 5,92  
Japan;JPN;2014; 5,99  
Japan;JPN;2011; 6,06  
Jordan;JOR;2022; 4,12  
Jordan;JOR;2021; 4,15  
Jordan;JOR;2020; 4,39  
Jordan;JOR;2019; 4,63  
Jordan;JOR;2018; 4,91  
Jordan;JOR;2017; 5,16  
Jordan;JOR;2016; 5,34  
Jordan;JOR;2015; 5,30  
Jordan;JOR;2014; 5,19  
Jordan;JOR;2011; 5,71  
Kazakhstan;KAZ;2022; 6,14  
Kazakhstan;KAZ;2021; 6,23  
Kazakhstan;KAZ;2020; 6,15  
Kazakhstan;KAZ;2019; 6,06  
Kazakhstan;KAZ;2018; 5,81  
Kazakhstan;KAZ;2017; 5,79  
Kazakhstan;KAZ;2016; 5,82  
Kazakhstan;KAZ;2015; 5,92  
Kazakhstan;KAZ;2014; 5,86  
Kazakhstan;KAZ;2011; 5,59  
Kenya;KEN;2022; 4,49  
Kenya;KEN;2021; 4,54  
Kenya;KEN;2020; 4,61  
Kenya;KEN;2019; 4,58  
Kenya;KEN;2018; 4,51  
Kenya;KEN;2017; 4,41  
Kenya;KEN;2016; 4,55  
Kenya;KEN;2015; 4,36  
Kenya;KEN;2014; 4,42  
Kenya;KEN;2011; 4,18  
Kosovo;OWID_KOS;2022; 6,37  
Kosovo;OWID_KOS;2021; 6,46  
Kosovo;OWID_KOS;2020; 6,37  
Kosovo;OWID_KOS;2019; 6,33  
Kosovo;OWID_KOS;2018; 6,10  
Kosovo;OWID_KOS;2017; 5,66  
Kosovo;OWID_KOS;2016; 5,28  
Kosovo;OWID_KOS;2015; 5,40  
Kosovo;OWID_KOS;2014; 5,59  
Kosovo;OWID_KOS;2011; 5,42  
Kuwait;KWT;2021; 6,11  
Kuwait;KWT;2020; 6,11  
Kuwait;KWT;2019; 6,10  
Kuwait;KWT;2018; 6,02  
Kuwait;KWT;2017; 6,08  
Kuwait;KWT;2016; 6,11  
Kuwait;KWT;2015; 6,24  
Kuwait;KWT;2014; 6,30  
Kuwait;KWT;2011; 6,57  
Kyrgyzstan;KGZ;2022; 5,83  
Kyrgyzstan;KGZ;2021; 5,83  
Kyrgyzstan;KGZ;2020; 5,74  
Kyrgyzstan;KGZ;2019; 5,54  
Kyrgyzstan;KGZ;2018; 5,26  
Kyrgyzstan;KGZ;2017; 5,13  
Kyrgyzstan;KGZ;2016; 5,00  
Kyrgyzstan;KGZ;2015; 5,19  
Kyrgyzstan;KGZ;2014; 5,29  
Kyrgyzstan;KGZ;2011; 4,83  
Laos;LAO;2022; 5,11  
Laos;LAO;2021; 5,14  
Laos;LAO;2020; 5,03  
Laos;LAO;2019; 4,89  
Laos;LAO;2018; 4,80  
Laos;LAO;2017; 4,62  
Laos;LAO;2015; 4,88  
Laos;LAO;2014; 4,88  
Laos;LAO;2011; 5,16  
Latvia;LVA;2022; 6,21  
Latvia;LVA;2021; 6,18  
Latvia;LVA;2020; 6,03  
Latvia;LVA;2019; 5,95  
Latvia;LVA;2018; 5,94  
Latvia;LVA;2017; 5,93  
Latvia;LVA;2016; 5,85  
Latvia;LVA;2015; 5,56  
Latvia;LVA;2014; 5,10  
Latvia;LVA;2011; 4,76  
Lebanon;LBN;2022; 2,39  
Lebanon;LBN;2021; 2,96  
Lebanon;LBN;2020; 4,58  
Lebanon;LBN;2019; 4,77  
Lebanon;LBN;2018; 5,20  
Lebanon;LBN;2017; 5,20  
Lebanon;LBN;2016; 5,23  
Lebanon;LBN;2015; 5,13  
Lebanon;LBN;2014; 4,84  
Lebanon;LBN;2011; 5,05  
Lesotho;LSO;2021; 3,51  
Lesotho;LSO;2020; 3,51  
Lesotho;LSO;2019; 3,65  
Lesotho;LSO;2018; 3,80  
Lesotho;LSO;2017; 3,81  
Lesotho;LSO;2016; 3,81  
Lesotho;LSO;2014; 4,90  
Liberia;LBR;2022; 4,04  
Liberia;LBR;2021; 5,12  
Liberia;LBR;2020; 4,63  
Liberia;LBR;2019; 4,56  
Liberia;LBR;2018; 3,98  
Liberia;LBR;2017; 3,50  
Liberia;LBR;2016; 3,53  
Liberia;LBR;2015; 3,62  
Liberia;LBR;2014; 4,57  
Liberia;LBR;2011; 4,04  
Libya;LBY;2021; 5,33  
Libya;LBY;2020; 5,41  
Libya;LBY;2019; 5,49  
Libya;LBY;2018; 5,53  
Libya;LBY;2017; 5,57  
Libya;LBY;2016; 5,53  
Libya;LBY;2015; 5,62  
Libya;LBY;2014; 5,75  
Libya;LBY;2011; 5,18  
Lithuania;LTU;2022; 6,76  
Lithuania;LTU;2021; 6,45  
Lithuania;LTU;2020; 6,26  
Lithuania;LTU;2019; 6,22  
Lithuania;LTU;2018; 6,15  
Lithuania;LTU;2017; 5,95  
Lithuania;LTU;2016; 5,90  
Lithuania;LTU;2015; 5,81  
Lithuania;LTU;2014; 5,83  
Lithuania;LTU;2011; 5,59  
Luxembourg;LUX;2022; 7,23  
Luxembourg;LUX;2021; 7,40  
Luxembourg;LUX;2020; 7,32  
Luxembourg;LUX;2019; 7,24  
Luxembourg;LUX;2018; 7,09  
Luxembourg;LUX;2017; 6,91  
Luxembourg;LUX;2016; 6,86  
Luxembourg;LUX;2015; 6,87  
Luxembourg;LUX;2014; 6,95  
Luxembourg;LUX;2011; 7,05  
Madagascar;MDG;2022; 4,02  
Madagascar;MDG;2021; 4,34  
Madagascar;MDG;2020; 4,21  
Madagascar;MDG;2019; 4,17  
Madagascar;MDG;2018; 3,93  
Madagascar;MDG;2017; 3,77  
Madagascar;MDG;2016; 3,64  
Madagascar;MDG;2015; 3,70  
Madagascar;MDG;2014; 3,68  
Madagascar;MDG;2011; 4,31  
Malawi;MWI;2022; 3,50  
Malawi;MWI;2021; 3,75  
Malawi;MWI;2020; 3,60  
Malawi;MWI;2019; 3,54  
Malawi;MWI;2018; 3,41  
Malawi;MWI;2017; 3,59  
Malawi;MWI;2016; 3,97  
Malawi;MWI;2015; 4,16  
Malawi;MWI;2014; 4,29  
Malawi;MWI;2011; 4,62  
Malaysia;MYS;2022; 6,01  
Malaysia;MYS;2021; 5,71  
Malaysia;MYS;2020; 5,38  
Malaysia;MYS;2019; 5,38  
Malaysia;MYS;2018; 5,34  
Malaysia;MYS;2017; 6,32  
Malaysia;MYS;2016; 6,08  
Malaysia;MYS;2015; 6,01  
Malaysia;MYS;2014; 5,77  
Malaysia;MYS;2011; 5,82  
Maldives;MDV;2020; 5,20  
Maldives;MDV;2019; 5,20  
Mali;MLI;2022; 4,20  
Mali;MLI;2021; 4,48  
Mali;MLI;2020; 4,72  
Mali;MLI;2019; 4,73  
Mali;MLI;2018; 4,39  
Mali;MLI;2017; 4,45  
Mali;MLI;2016; 4,19  
Mali;MLI;2015; 4,07  
Mali;MLI;2014; 4,00  
Mali;MLI;2011; 3,97  
Malta;MLT;2022; 6,30  
Malta;MLT;2021; 6,45  
Malta;MLT;2020; 6,60  
Malta;MLT;2019; 6,77  
Malta;MLT;2018; 6,73  
Malta;MLT;2017; 6,63  
Malta;MLT;2016; 6,53  
Malta;MLT;2015; 6,49  
Malta;MLT;2014; 6,30  
Malta;MLT;2011; 5,96  
Mauritania;MRT;2022; 4,72  
Mauritania;MRT;2021; 4,15  
Mauritania;MRT;2020; 4,23  
Mauritania;MRT;2019; 4,37  
Mauritania;MRT;2018; 4,49  
Mauritania;MRT;2017; 4,36  
Mauritania;MRT;2016; 4,29  
Mauritania;MRT;2015; 4,20  
Mauritania;MRT;2014; 4,44  
Mauritania;MRT;2011; 4,64  
Mauritius;MUS;2022; 5,90  
Mauritius;MUS;2021; 6,07  
Mauritius;MUS;2020; 6,05  
Mauritius;MUS;2019; 6,10  
Mauritius;MUS;2018; 5,89  
Mauritius;MUS;2017; 5,89  
Mauritius;MUS;2016; 5,63  
Mauritius;MUS;2015; 5,65  
Mauritius;MUS;2014; 5,48  
Mauritius;MUS;2011; 5,48  
Mexico;MEX;2022; 6,33  
Mexico;MEX;2021; 6,13  
Mexico;MEX;2020; 6,32  
Mexico;MEX;2019; 6,47  
Mexico;MEX;2018; 6,59  
Mexico;MEX;2017; 6,49  
Mexico;MEX;2016; 6,58  
Mexico;MEX;2015; 6,78  
Mexico;MEX;2014; 7,19  
Mexico;MEX;2011; 6,74  
Moldova;MDA;2022; 5,82  
Moldova;MDA;2021; 5,86  
Moldova;MDA;2020; 5,77  
Moldova;MDA;2019; 5,61  
Moldova;MDA;2018; 5,53  
Moldova;MDA;2017; 5,64  
Moldova;MDA;2016; 5,84  
Moldova;MDA;2015; 5,90  
Moldova;MDA;2014; 5,89  
Moldova;MDA;2011; 5,31  
Mongolia;MNG;2022; 5,84  
Mongolia;MNG;2021; 5,76  
Mongolia;MNG;2020; 5,68  
Mongolia;MNG;2019; 5,46  
Mongolia;MNG;2018; 5,29  
Mongolia;MNG;2017; 5,12  
Mongolia;MNG;2016; 4,96  
Mongolia;MNG;2015; 4,91  
Mongolia;MNG;2014; 4,87  
Mongolia;MNG;2011; 4,56  
Montenegro;MNE;2022; 5,72  
Montenegro;MNE;2021; 5,55  
Montenegro;MNE;2020; 5,58  
Montenegro;MNE;2019; 5,55  
Montenegro;MNE;2018; 5,52  
Montenegro;MNE;2017; 5,35  
Montenegro;MNE;2016; 5,24  
Montenegro;MNE;2015; 5,16  
Montenegro;MNE;2014; 5,19  
Montenegro;MNE;2011; 5,15  
Morocco;MAR;2022; 4,90  
Morocco;MAR;2021; 5,06  
Morocco;MAR;2020; 4,92  
Morocco;MAR;2019; 5,09  
Morocco;MAR;2018; 5,21  
Morocco;MAR;2017; 5,25  
Morocco;MAR;2016; 5,24  
Morocco;MAR;2015; 5,15  
Morocco;MAR;2014; 5,01  
Morocco;MAR;2011; 4,79  
Mozambique;MOZ;2022; 4,95  
Mozambique;MOZ;2021; 5,05  
Mozambique;MOZ;2020; 4,79  
Mozambique;MOZ;2019; 4,62  
Mozambique;MOZ;2018; 4,47  
Mozambique;MOZ;2017; 4,42  
Mozambique;MOZ;2016; 4,55  
Mozambique;MOZ;2014; 4,97  
Mozambique;MOZ;2011; 4,69  
Myanmar;MMR;2022; 4,37  
Myanmar;MMR;2021; 4,39  
Myanmar;MMR;2020; 4,43  
Myanmar;MMR;2019; 4,31  
Myanmar;MMR;2018; 4,36  
Myanmar;MMR;2017; 4,31  
Myanmar;MMR;2016; 4,55  
Myanmar;MMR;2015; 4,40  
Myanmar;MMR;2014; 4,31  
Myanmar;MMR;2011; 5,32  
Namibia;NAM;2022; 4,63  
Namibia;NAM;2021; 4,46  
Namibia;NAM;2020; 4,57  
Namibia;NAM;2019; 4,57  
Namibia;NAM;2018; 4,64  
Namibia;NAM;2017; 4,44  
Namibia;NAM;2016; 4,57  
Namibia;NAM;2015; 4,57  
Namibia;NAM;2011; 4,89  
Nepal;NPL;2022; 5,36  
Nepal;NPL;2021; 5,38  
Nepal;NPL;2020; 5,27  
Nepal;NPL;2019; 5,14  
Nepal;NPL;2018; 4,91  
Nepal;NPL;2017; 4,88  
Nepal;NPL;2016; 4,96  
Nepal;NPL;2015; 4,79  
Nepal;NPL;2014; 4,51  
Nepal;NPL;2011; 4,47  
Netherlands;NLD;2022; 7,40  
Netherlands;NLD;2021; 7,41  
Netherlands;NLD;2020; 7,46  
Netherlands;NLD;2019; 7,45  
Netherlands;NLD;2018; 7,49  
Netherlands;NLD;2017; 7,44  
Netherlands;NLD;2016; 7,38  
Netherlands;NLD;2015; 7,34  
Netherlands;NLD;2014; 7,38  
Netherlands;NLD;2011; 7,51  
New Zealand;NZL;2022; 7,12  
New Zealand;NZL;2021; 7,20  
New Zealand;NZL;2020; 7,28  
New Zealand;NZL;2019; 7,30  
New Zealand;NZL;2018; 7,31  
New Zealand;NZL;2017; 7,32  
New Zealand;NZL;2016; 7,31  
New Zealand;NZL;2015; 7,33  
New Zealand;NZL;2014; 7,29  
New Zealand;NZL;2011; 7,37  
Nicaragua;NIC;2022; 6,26  
Nicaragua;NIC;2021; 6,16  
Nicaragua;NIC;2020; 5,97  
Nicaragua;NIC;2019; 6,14  
Nicaragua;NIC;2018; 6,11  
Nicaragua;NIC;2017; 6,14  
Nicaragua;NIC;2016; 6,07  
Nicaragua;NIC;2015; 5,99  
Nicaragua;NIC;2014; 5,83  
Nicaragua;NIC;2011; 5,11  
Niger;NER;2022; 4,50  
Niger;NER;2021; 5,00  
Niger;NER;2020; 5,07  
Niger;NER;2019; 4,91  
Niger;NER;2018; 4,63  
Niger;NER;2017; 4,17  
Niger;NER;2016; 4,03  
Niger;NER;2015; 3,86  
Niger;NER;2014; 3,85  
Niger;NER;2011; 4,12  
Nigeria;NGA;2022; 4,98  
Nigeria;NGA;2021; 4,55  
Nigeria;NGA;2020; 4,76  
Nigeria;NGA;2019; 4,72  
Nigeria;NGA;2018; 5,26  
Nigeria;NGA;2017; 5,16  
Nigeria;NGA;2016; 5,07  
Nigeria;NGA;2015; 4,88  
Nigeria;NGA;2014; 5,27  
Nigeria;NGA;2011; 4,86  
North Macedonia;MKD;2022; 5,25  
North Macedonia;MKD;2021; 5,20  
North Macedonia;MKD;2020; 5,10  
North Macedonia;MKD;2019; 5,16  
North Macedonia;MKD;2018; 5,27  
North Macedonia;MKD;2017; 5,18  
North Macedonia;MKD;2016; 5,18  
North Macedonia;MKD;2015; 5,12  
North Macedonia;MKD;2014; 5,01  
North Macedonia;MKD;2011; 4,37  
Northern Cyprus;OWID_CYN;2021; 5,47  
Northern Cyprus;OWID_CYN;2020; 5,54  
Northern Cyprus;OWID_CYN;2019; 5,54  
Northern Cyprus;OWID_CYN;2018; 5,72  
Northern Cyprus;OWID_CYN;2017; 5,83  
Northern Cyprus;OWID_CYN;2016; 5,81  
Northern Cyprus;OWID_CYN;2015; 5,77  
Northern Cyprus;OWID_CYN;2014; 5,70  
Norway;NOR;2022; 7,32  
Norway;NOR;2021; 7,37  
Norway;NOR;2020; 7,39  
Norway;NOR;2019; 7,49  
Norway;NOR;2018; 7,55  
Norway;NOR;2017; 7,59  
Norway;NOR;2016; 7,54  
Norway;NOR;2015; 7,50  
Norway;NOR;2014; 7,52  
Norway;NOR;2011; 7,52  
Oman;OMN;2014; 6,85  
Pakistan;PAK;2022; 4,56  
Pakistan;PAK;2021; 4,52  
Pakistan;PAK;2020; 4,93  
Pakistan;PAK;2019; 5,69  
Pakistan;PAK;2018; 5,65  
Pakistan;PAK;2017; 5,47  
Pakistan;PAK;2016; 5,27  
Pakistan;PAK;2015; 5,13  
Pakistan;PAK;2014; 5,19  
Pakistan;PAK;2011; 5,15  
Palestine;PSE;2022; 4,91  
Palestine;PSE;2021; 4,48  
Palestine;PSE;2020; 4,52  
Palestine;PSE;2019; 4,55  
Palestine;PSE;2018; 4,70  
Palestine;PSE;2017; 4,74  
Palestine;PSE;2016; 4,78  
Palestine;PSE;2015; 4,75  
Palestine;PSE;2014; 4,72  
Palestine;PSE;2011; 4,56  
Panama;PAN;2022; 6,26  
Panama;PAN;2021; 6,31  
Panama;PAN;2020; 6,18  
Panama;PAN;2019; 6,30  
Panama;PAN;2018; 6,32  
Panama;PAN;2017; 6,43  
Panama;PAN;2016; 6,45  
Panama;PAN;2015; 6,70  
Panama;PAN;2014; 6,79  
Panama;PAN;2011; 6,86  
Paraguay;PRY;2022; 5,74  
Paraguay;PRY;2021; 5,58  
Paraguay;PRY;2020; 5,65  
Paraguay;PRY;2019; 5,69  
Paraguay;PRY;2018; 5,74  
Paraguay;PRY;2017; 5,68  
Paraguay;PRY;2016; 5,49  
Paraguay;PRY;2015; 5,54  
Paraguay;PRY;2014; 5,88  
Paraguay;PRY;2011; 5,40  
Peru;PER;2022; 5,53  
Peru;PER;2021; 5,56  
Peru;PER;2020; 5,84  
Peru;PER;2019; 5,80  
Peru;PER;2018; 5,70  
Peru;PER;2017; 5,66  
Peru;PER;2016; 5,72  
Peru;PER;2015; 5,74  
Peru;PER;2014; 5,82  
Peru;PER;2011; 5,26  
Philippines;PHL;2022; 5,52  
Philippines;PHL;2021; 5,90  
Philippines;PHL;2020; 5,88  
Philippines;PHL;2019; 6,01  
Philippines;PHL;2018; 5,63  
Philippines;PHL;2017; 5,52  
Philippines;PHL;2016; 5,43  
Philippines;PHL;2015; 5,28  
Philippines;PHL;2014; 5,07  
Philippines;PHL;2011; 4,83  
Poland;POL;2022; 6,26  
Poland;POL;2021; 6,12  
Poland;POL;2020; 6,17  
Poland;POL;2019; 6,19  
Poland;POL;2018; 6,18  
Poland;POL;2017; 6,12  
Poland;POL;2016; 5,97  
Poland;POL;2015; 5,84  
Poland;POL;2014; 5,79  
Poland;POL;2011; 5,80  
Portugal;PRT;2022; 5,97  
Portugal;PRT;2021; 6,02  
Portugal;PRT;2020; 5,93  
Portugal;PRT;2019; 5,91  
Portugal;PRT;2018; 5,69  
Portugal;PRT;2017; 5,41  
Portugal;PRT;2016; 5,20  
Portugal;PRT;2015; 5,12  
Portugal;PRT;2014; 5,10  
Portugal;PRT;2011; 5,33  
Puerto Rico;PRI;2015; 7,04  
Puerto Rico;PRI;2011; 6,59  
Qatar;QAT;2018; 6,37  
Qatar;QAT;2017; 6,37  
Qatar;QAT;2016; 6,38  
Qatar;QAT;2015; 6,38  
Qatar;QAT;2014; 6,61  
Qatar;QAT;2011; 6,57  
Romania;ROU;2022; 6,59  
Romania;ROU;2021; 6,48  
Romania;ROU;2020; 6,14  
Romania;ROU;2019; 6,12  
Romania;ROU;2018; 6,07  
Romania;ROU;2017; 5,95  
Romania;ROU;2016; 5,83  
Romania;ROU;2015; 5,53  
Romania;ROU;2014; 5,12  
Romania;ROU;2011; 5,18  
Russia;RUS;2022; 5,66  
Russia;RUS;2021; 5,46  
Russia;RUS;2020; 5,48  
Russia;RUS;2019; 5,55  
Russia;RUS;2018; 5,65  
Russia;RUS;2017; 5,81  
Russia;RUS;2016; 5,96  
Russia;RUS;2015; 5,86  
Russia;RUS;2014; 5,72  
Russia;RUS;2011; 5,28  
Rwanda;RWA;2021; 3,27  
Rwanda;RWA;2020; 3,41  
Rwanda;RWA;2019; 3,31  
Rwanda;RWA;2018; 3,33  
Rwanda;RWA;2017; 3,41  
Rwanda;RWA;2016; 3,47  
Rwanda;RWA;2015; 3,52  
Rwanda;RWA;2014; 3,47  
Rwanda;RWA;2011; 4,20  
Saudi Arabia;SAU;2022; 6,46  
Saudi Arabia;SAU;2021; 6,52  
Saudi Arabia;SAU;2020; 6,49  
Saudi Arabia;SAU;2019; 6,41  
Saudi Arabia;SAU;2018; 6,37  
Saudi Arabia;SAU;2017; 6,37  
Saudi Arabia;SAU;2016; 6,34  
Saudi Arabia;SAU;2015; 6,38  
Saudi Arabia;SAU;2014; 6,41  
Saudi Arabia;SAU;2011; 6,60  
Senegal;SEN;2022; 4,86  
Senegal;SEN;2021; 5,05  
Senegal;SEN;2020; 5,13  
Senegal;SEN;2019; 4,98  
Senegal;SEN;2018; 4,68  
Senegal;SEN;2017; 4,63  
Senegal;SEN;2016; 4,54  
Senegal;SEN;2015; 4,22  
Senegal;SEN;2014; 3,90  
Senegal;SEN;2011; 4,41  
Serbia;SRB;2022; 6,14  
Serbia;SRB;2021; 6,18  
Serbia;SRB;2020; 6,08  
Serbia;SRB;2019; 5,78  
Serbia;SRB;2018; 5,60  
Serbia;SRB;2017; 5,40  
Serbia;SRB;2016; 5,40  
Serbia;SRB;2015; 5,18  
Serbia;SRB;2014; 5,12  
Serbia;SRB;2011; 4,56  
Sierra Leone;SLE;2022; 3,14  
Sierra Leone;SLE;2021; 3,57  
Sierra Leone;SLE;2020; 3,85  
Sierra Leone;SLE;2019; 3,93  
Sierra Leone;SLE;2018; 4,37  
Sierra Leone;SLE;2017; 4,57  
Sierra Leone;SLE;2016; 4,71  
Sierra Leone;SLE;2015; 4,64  
Sierra Leone;SLE;2014; 4,51  
Sierra Leone;SLE;2011; 3,59  
Singapore;SGP;2022; 6,59  
Singapore;SGP;2021; 6,48  
Singapore;SGP;2020; 6,38  
Singapore;SGP;2019; 6,38  
Singapore;SGP;2018; 6,26  
Singapore;SGP;2017; 6,34  
Singapore;SGP;2016; 6,57  
Singapore;SGP;2015; 6,74  
Singapore;SGP;2014; 6,80  
Singapore;SGP;2011; 6,55  
Slovakia;SVK;2022; 6,47  
Slovakia;SVK;2021; 6,39  
Slovakia;SVK;2020; 6,33  
Slovakia;SVK;2019; 6,28  
Slovakia;SVK;2018; 6,20  
Slovakia;SVK;2017; 6,17  
Slovakia;SVK;2016; 6,10  
Slovakia;SVK;2015; 6,08  
Slovakia;SVK;2014; 6,00  
Slovakia;SVK;2011; 5,66  
Slovenia;SVN;2022; 6,65  
Slovenia;SVN;2021; 6,63  
Slovenia;SVN;2020; 6,46  
Slovenia;SVN;2019; 6,36  
Slovenia;SVN;2018; 6,12  
Slovenia;SVN;2017; 5,95  
Slovenia;SVN;2016; 5,76  
Slovenia;SVN;2015; 5,77  
Slovenia;SVN;2014; 5,85  
Slovenia;SVN;2011; 5,92  
Somalia;SOM;2018; 4,67  
Somalia;SOM;2017; 4,98  
Somalia;SOM;2016; 5,15  
Somalia;SOM;2015; 5,44  
Somaliland;OWID_SML;2015; 5,06  
Somaliland;OWID_SML;2014; 5,06  
Somaliland;OWID_SML;2011; 4,69  
South Africa;ZAF;2022; 5,27  
South Africa;ZAF;2021; 5,19  
South Africa;ZAF;2020; 4,96  
South Africa;ZAF;2019; 4,81  
South Africa;ZAF;2018; 4,72  
South Africa;ZAF;2017; 4,72  
South Africa;ZAF;2016; 4,83  
South Africa;ZAF;2015; 4,46  
South Africa;ZAF;2014; 4,64  
South Africa;ZAF;2011; 5,10  
South Korea;KOR;2022; 5,95  
South Korea;KOR;2021; 5,94  
South Korea;KOR;2020; 5,85  
South Korea;KOR;2019; 5,87  
South Korea;KOR;2018; 5,89  
South Korea;KOR;2017; 5,87  
South Korea;KOR;2016; 5,84  
South Korea;KOR;2015; 5,84  
South Korea;KOR;2014; 5,98  
South Korea;KOR;2011; 5,64  
South Sudan;SSD;2019; 2,82  
South Sudan;SSD;2018; 2,85  
South Sudan;SSD;2017; 3,25  
South Sudan;SSD;2016; 3,59  
South Sudan;SSD;2015; 3,83  
Spain;ESP;2022; 6,44  
Spain;ESP;2021; 6,48  
Spain;ESP;2020; 6,49  
Spain;ESP;2019; 6,40  
Spain;ESP;2018; 6,35  
Spain;ESP;2017; 6,31  
Spain;ESP;2016; 6,40  
Spain;ESP;2015; 6,36  
Spain;ESP;2014; 6,33  
Spain;ESP;2011; 6,76  
Sri Lanka;LKA;2022; 4,44  
Sri Lanka;LKA;2021; 4,36  
Sri Lanka;LKA;2020; 4,33  
Sri Lanka;LKA;2019; 4,33  
Sri Lanka;LKA;2018; 4,37  
Sri Lanka;LKA;2017; 4,47  
Sri Lanka;LKA;2016; 4,44  
Sri Lanka;LKA;2015; 4,42  
Sri Lanka;LKA;2014; 4,27  
Sri Lanka;LKA;2011; 4,26  
Sudan;SDN;2017; 4,14  
Sudan;SDN;2016; 4,14  
Sudan;SDN;2015; 4,14  
Sudan;SDN;2014; 4,55  
Sudan;SDN;2011; 4,42  
Suriname;SUR;2015; 6,27  
Suriname;SUR;2014; 6,27  
Sweden;SWE;2022; 7,40  
Sweden;SWE;2021; 7,38  
Sweden;SWE;2020; 7,36  
Sweden;SWE;2019; 7,35  
Sweden;SWE;2018; 7,34  
Sweden;SWE;2017; 7,31  
Sweden;SWE;2016; 7,28  
Sweden;SWE;2015; 7,29  
Sweden;SWE;2014; 7,36  
Sweden;SWE;2011; 7,38  
Switzerland;CHE;2022; 7,24  
Switzerland;CHE;2021; 7,51  
Switzerland;CHE;2020; 7,57  
Switzerland;CHE;2019; 7,56  
Switzerland;CHE;2018; 7,48  
Switzerland;CHE;2017; 7,49  
Switzerland;CHE;2016; 7,49  
Switzerland;CHE;2015; 7,51  
Switzerland;CHE;2014; 7,59  
Switzerland;CHE;2011; 7,50  
Syria;SYR;2018; 3,46  
Syria;SYR;2017; 3,46  
Syria;SYR;2016; 3,46  
Syria;SYR;2015; 3,07  
Syria;SYR;2014; 3,01  
Syria;SYR;2011; 4,74  
Taiwan;TWN;2022; 6,54  
Taiwan;TWN;2021; 6,51  
Taiwan;TWN;2020; 6,58  
Taiwan;TWN;2019; 6,46  
Taiwan;TWN;2018; 6,45  
Taiwan;TWN;2017; 6,44  
Taiwan;TWN;2016; 6,42  
Taiwan;TWN;2015; 6,38  
Taiwan;TWN;2014; 6,30  
Taiwan;TWN;2011; 5,99  
Tajikistan;TJK;2022; 5,33  
Tajikistan;TJK;2021; 5,38  
Tajikistan;TJK;2020; 5,47  
Tajikistan;TJK;2019; 5,56  
Tajikistan;TJK;2018; 5,47  
Tajikistan;TJK;2017; 5,35  
Tajikistan;TJK;2016; 5,04  
Tajikistan;TJK;2015; 5,00  
Tajikistan;TJK;2014; 4,79  
Tajikistan;TJK;2011; 4,61  
Tanzania;TZA;2022; 3,69  
Tanzania;TZA;2021; 3,70  
Tanzania;TZA;2020; 3,62  
Tanzania;TZA;2019; 3,48  
Tanzania;TZA;2018; 3,23  
Tanzania;TZA;2017; 3,30  
Tanzania;TZA;2016; 3,35  
Tanzania;TZA;2015; 3,67  
Tanzania;TZA;2014; 3,78  
Tanzania;TZA;2011; 3,80  
Thailand;THA;2022; 5,84  
Thailand;THA;2021; 5,89  
Thailand;THA;2020; 5,98  
Thailand;THA;2019; 6,00  
Thailand;THA;2018; 6,01  
Thailand;THA;2017; 6,07  
Thailand;THA;2016; 6,42  
Thailand;THA;2015; 6,47  
Thailand;THA;2014; 6,46  
Thailand;THA;2011; 5,80  
Togo;TGO;2022; 4,14  
Togo;TGO;2021; 4,11  
Togo;TGO;2020; 4,11  
Togo;TGO;2019; 4,19  
Togo;TGO;2018; 4,08  
Togo;TGO;2017; 4,00  
Togo;TGO;2016; 3,50  
Togo;TGO;2015; 3,30  
Togo;TGO;2014; 2,84  
Togo;TGO;2011; 3,01  
Trinidad and Tobago;TTO;2019; 6,19  
Trinidad and Tobago;TTO;2018; 6,19  
Trinidad and Tobago;TTO;2017; 6,19  
Trinidad and Tobago;TTO;2016; 6,17  
Trinidad and Tobago;TTO;2015; 6,17  
Trinidad and Tobago;TTO;2014; 6,17  
Trinidad and Tobago;TTO;2011; 6,26  
Tunisia;TUN;2022; 4,50  
Tunisia;TUN;2021; 4,52  
Tunisia;TUN;2020; 4,60  
Tunisia;TUN;2019; 4,39  
Tunisia;TUN;2018; 4,46  
Tunisia;TUN;2017; 4,59  
Tunisia;TUN;2016; 4,81  
Tunisia;TUN;2015; 5,05  
Tunisia;TUN;2014; 4,74  
Tunisia;TUN;2011; 5,14  
Turkey;TUR;2022; 4,61  
Turkey;TUR;2021; 4,74  
Turkey;TUR;2020; 4,95  
Turkey;TUR;2019; 5,13  
Turkey;TUR;2018; 5,37  
Turkey;TUR;2017; 5,48  
Turkey;TUR;2016; 5,50  
Turkey;TUR;2015; 5,39  
Turkey;TUR;2014; 5,33  
Turkey;TUR;2011; 5,23  
Turkmenistan;TKM;2021; 5,47  
Turkmenistan;TKM;2020; 5,07  
Turkmenistan;TKM;2019; 5,12  
Turkmenistan;TKM;2018; 5,25  
Turkmenistan;TKM;2017; 5,64  
Turkmenistan;TKM;2016; 5,82  
Turkmenistan;TKM;2015; 5,66  
Turkmenistan;TKM;2014; 5,55  
Turkmenistan;TKM;2011; 6,57  
Uganda;UGA;2022; 4,43  
Uganda;UGA;2021; 4,60  
Uganda;UGA;2020; 4,64  
Uganda;UGA;2019; 4,43  
Uganda;UGA;2018; 4,19  
Uganda;UGA;2017; 4,16  
Uganda;UGA;2016; 4,08  
Uganda;UGA;2015; 3,74  
Uganda;UGA;2014; 3,93  
Uganda;UGA;2011; 4,31  
Ukraine;UKR;2022; 5,07  
Ukraine;UKR;2021; 5,08  
Ukraine;UKR;2020; 4,87  
Ukraine;UKR;2019; 4,56  
Ukraine;UKR;2018; 4,33  
Ukraine;UKR;2017; 4,10  
Ukraine;UKR;2016; 4,10  
Ukraine;UKR;2015; 4,32  
Ukraine;UKR;2014; 4,68  
Ukraine;UKR;2011; 5,09  
United Arab Emirates;ARE;2022; 6,57  
United Arab Emirates;ARE;2021; 6,58  
United Arab Emirates;ARE;2020; 6,56  
United Arab Emirates;ARE;2019; 6,79  
United Arab Emirates;ARE;2018; 6,82  
United Arab Emirates;ARE;2017; 6,77  
United Arab Emirates;ARE;2016; 6,65  
United Arab Emirates;ARE;2015; 6,57  
United Arab Emirates;ARE;2014; 6,90  
United Arab Emirates;ARE;2011; 6,98  
United Kingdom;GBR;2022; 6,80  
United Kingdom;GBR;2021; 6,94  
United Kingdom;GBR;2020; 7,06  
United Kingdom;GBR;2019; 7,16  
United Kingdom;GBR;2018; 7,05  
United Kingdom;GBR;2017; 6,81  
United Kingdom;GBR;2016; 6,71  
United Kingdom;GBR;2015; 6,73  
United Kingdom;GBR;2014; 6,87  
United Kingdom;GBR;2011; 6,94  
United States;USA;2022; 6,89  
United States;USA;2021; 6,98  
United States;USA;2020; 6,95  
United States;USA;2019; 6,94  
United States;USA;2018; 6,89  
United States;USA;2017; 6,89  
United States;USA;2016; 6,99  
United States;USA;2015; 7,10  
United States;USA;2014; 7,12  
United States;USA;2011; 7,27  
Uruguay;URY;2022; 6,49  
Uruguay;URY;2021; 6,47  
Uruguay;URY;2020; 6,43  
Uruguay;URY;2019; 6,44  
Uruguay;URY;2018; 6,29  
Uruguay;URY;2017; 6,38  
Uruguay;URY;2016; 6,45  
Uruguay;URY;2015; 6,55  
Uruguay;URY;2014; 6,49  
Uruguay;URY;2011; 5,90  
Uzbekistan;UZB;2022; 6,01  
Uzbekistan;UZB;2021; 6,06  
Uzbekistan;UZB;2020; 6,18  
Uzbekistan;UZB;2019; 6,26  
Uzbekistan;UZB;2018; 6,17  
Uzbekistan;UZB;2017; 6,10  
Uzbekistan;UZB;2016; 5,97  
Uzbekistan;UZB;2015; 5,99  
Uzbekistan;UZB;2014; 6,00  
Uzbekistan;UZB;2011; 5,22  
Venezuela;VEN;2022; 5,21  
Venezuela;VEN;2021; 4,93  
Venezuela;VEN;2020; 4,89  
Venezuela;VEN;2019; 5,05  
Venezuela;VEN;2018; 4,71  
Venezuela;VEN;2017; 4,81  
Venezuela;VEN;2016; 5,25  
Venezuela;VEN;2015; 6,08  
Venezuela;VEN;2014; 6,81  
Venezuela;VEN;2011; 6,92  
Vietnam;VNM;2022; 5,76  
Vietnam;VNM;2021; 5,49  
Vietnam;VNM;2020; 5,41  
Vietnam;VNM;2019; 5,35  
Vietnam;VNM;2018; 5,18  
Vietnam;VNM;2017; 5,10  
Vietnam;VNM;2016; 5,07  
Vietnam;VNM;2015; 5,06  
Vietnam;VNM;2014; 5,36  
Vietnam;VNM;2011; 5,43  
Yemen;YEM;2021; 4,20  
Yemen;YEM;2020; 3,66  
Yemen;YEM;2019; 3,53  
Yemen;YEM;2018; 3,38  
Yemen;YEM;2017; 3,35  
Yemen;YEM;2016; 3,59  
Yemen;YEM;2015; 3,72  
Yemen;YEM;2014; 4,08  
Yemen;YEM;2011; 4,45  
Zambia;ZMB;2022; 3,98  
Zambia;ZMB;2021; 3,76  
Zambia;ZMB;2020; 4,07  
Zambia;ZMB;2019; 3,76  
Zambia;ZMB;2018; 4,11  
Zambia;ZMB;2017; 4,38  
Zambia;ZMB;2016; 4,51  
Zambia;ZMB;2015; 4,80  
Zambia;ZMB;2014; 5,13  
Zambia;ZMB;2011; 4,70  
Zimbabwe;ZWE;2022; 3,20  
Zimbabwe;ZWE;2021; 3,00  
Zimbabwe;ZWE;2020; 3,14  
Zimbabwe;ZWE;2019; 3,30  
Zimbabwe;ZWE;2018; 3,66  
Zimbabwe;ZWE;2017; 3,69  
Zimbabwe;ZWE;2016; 3,88  
Zimbabwe;ZWE;2015; 4,19  
Zimbabwe;ZWE;2014; 4,61  
Zimbabwe;ZWE;2011; 3,98  